chronological_index,month,total_count,bill_mean,bill_median,payment_mean,payment_median,pearson_correlation,zero_payment_count,positive_bill_count,nonpositive_bill_count,positive_bill_and_zero_payment_count,positive_bill_and_positive_payment_count,same_index_difference_mean,same_index_difference_median
1,April,30000,38871.7604,17071.0,5215.502566666667,1500.0,0.11549416685164514,7173,25292,4708,3469,21823,-33656.25783333334,-13926.5
2,May,30000,40311.40096666667,18104.5,4799.387633333334,1500.0,0.14157417995960656,6703,25839,4161,3546,22293,-35512.013333333336,-15538.0
3,June,30000,43262.94896666666,19052.0,4826.076866666666,1500.0,0.13019140778780827,6408,26130,3870,3612,22518,-38436.8721,-16970.0
4,July,30000,47013.1548,20088.5,5225.6815,1800.0,0.1300111816244207,5968,26475,3525,3396,23079,-41787.4733,-17769.0
5,August,30000,49179.07516666667,21200.0,5921.1635,2009.0,0.1008508775175284,5396,26825,3175,3206,23619,-43257.91166666667,-18102.5
6,September,30000,51223.3309,22381.5,5663.5805,2100.0,0.14027727757532435,5249,27402,2598,3495,23907,-45559.7504,-18550.5
