chronological_index,month,eligible_count,ineligible_count,eligible_percentage,ratio_mean,ratio_std,ratio_min,ratio_p25,ratio_median,ratio_p75,ratio_p95,ratio_p99,ratio_max,ratio_zero_count,ratio_equal_one_count,ratio_above_one_count
1,April,25292,4708,84.30666666666666,1.536259990268986,24.10663444810156,0.0,0.033969792166986854,0.04611349436810827,0.2622280212204098,3.0652211502501947,23.08966706958169,2643.33,3469,539,3134
2,May,25839,4161,86.13,1.2443809008311348,17.52606121105183,0.0,0.03443229175483618,0.04554462330076835,0.22499859376757791,2.6971391257019612,18.17579338483278,1738.4242424242425,3546,582,2977
3,June,26130,3870,87.1,1.8522730413303654,79.61295028412772,0.0,0.029428498693940396,0.042124846672742876,0.18480322022048817,2.3033396939127866,17.15890056585651,8891.357142857143,3612,648,2696
4,July,26475,3525,88.25,1.8258517470921227,55.876420275727654,0.0,0.030739886272081015,0.04846370068818455,0.21539281326939783,2.7702341137123723,20.05270267157989,6333.333333333333,3396,644,2986
5,August,26825,3175,89.41666666666667,1.6642727958091967,42.69864503176437,0.0,0.036841091042867403,0.06003434167850253,0.26357786357786356,2.9525675810839163,19.880993200082354,4444.333333333333,3206,636,3221
6,September,27402,2598,91.34,1.776074884456435,76.57449774066782,0.0,0.03744779351439423,0.06109994722472716,0.27394976315133385,2.831224470210338,17.361575248526766,11453.666666666666,3495,671,3200
