split,total_count,non_default_count,default_count,default_rate,population_percentage,unique_predictor_groups
train,19199,14952,4247,0.22120943799156206,63.99666666666667,19167
validation,4801,3739,1062,0.2212039158508644,16.003333333333334,4793
test,6000,4673,1327,0.22116666666666668,20.0,5984
