threshold,tn,fp,fn,tp,accuracy,default_precision,default_recall,default_f1,macro_f1,weighted_f1,predicted_default_count,predicted_default_percentage,model_name,roc_auc,pr_auc,dist_to_0_5,neg_dist,neg_thresh
0.5449999999999998,3277,462,472,590,0.8054571964174131,0.5608365019011406,0.5555555555555556,0.5581835383159887,0.7167253161665413,0.8051269698440938,1052,0.21912101645490523,logistic_regression,0.7795379944384255,0.5585047766732416,0.04499999999999982,-0.04499999999999982,-0.5449999999999998
0.5849999999999997,3255,484,463,599,0.8027494272026661,0.5530932594644506,0.564030131826742,0.5585081585081585,0.7157566942467036,0.8034372462508872,1083,0.22557800458237867,gru_deep,0.7924642982881612,0.5721972535162797,0.08499999999999974,-0.08499999999999974,-0.5849999999999997
0.6149999999999998,3236,503,464,598,0.7985836284107478,0.5431425976385105,0.5630885122410546,0.5529357374017568,0.7114725736343372,0.7998714719044097,1101,0.22932722349510518,conv1d_multiscale,0.7890584509287508,0.5546579872786375,0.11499999999999977,-0.11499999999999977,-0.6149999999999998
