chronological_index,month,count,missing_count,mean,std,min,p01,p05,p25,median,p75,p95,p99,max,iqr,negative_count,zero_count,positive_count,negative_percentage,zero_percentage,positive_percentage,lower_fence,upper_fence,below_lower_fence_count,above_upper_fence_count,total_potential_extreme_count
1,April,30000,0,5215.502566666667,17777.4657754353,0,0.0,0.0,117.75,1500.0,4000.0,17343.799999999974,82619.04999999935,528666,3882.25,0,7173,22827,0.0,23.91,76.09,-5705.625,9823.375,0,2958,2958
2,May,30000,0,4799.387633333334,15278.30567914479,0,0.0,0.0,252.5,1500.0,4031.5,16000.0,65607.55999999991,426529,3779.0,0,6703,23297,0.0,22.343333333333334,77.65666666666667,-5416.0,9700.0,0,2945,2945
3,June,30000,0,4826.076866666666,15666.159744032007,0,0.0,0.0,296.0,1500.0,4013.25,16014.949999999986,67054.43999999961,621000,3717.25,0,6408,23592,0.0,21.36,78.64,-5279.875,9589.125,0,2994,2994
4,July,30000,0,5225.6815,17606.961469803104,0,0.0,0.0,390.0,1800.0,4505.0,17589.399999999994,70000.0,896040,4115.0,0,5968,24032,0.0,19.89333333333333,80.10666666666667,-5782.5,10677.5,0,2598,2598
5,August,30000,0,5921.1635,23040.870402057237,0,0.0,0.0,833.0,2009.0,5000.0,19004.34999999998,76651.01999999999,1684259,4167.0,0,5396,24604,0.0,17.986666666666668,82.01333333333334,-5417.5,11250.5,0,2714,2714
6,September,30000,0,5663.5805,16563.280354025766,0,0.0,0.0,1000.0,2100.0,5006.0,18428.199999999997,66522.17999999854,873552,4006.0,0,5249,24751,0.0,17.496666666666666,82.50333333333333,-5009.0,11015.0,0,2745,2745
