pair_index,source_month,destination_month,count,mean_change,std_change,min_change,q1_change,median_change,q3_change,max_change,negative_change_count,zero_change_count,positive_change_count,negative_change_percentage,zero_change_percentage,positive_change_percentage
1,April,May,30000,-416.11493333333334,21571.33987585051,-528466,-500.0,0.0,652.0,414910,11239,6973,11788,37.46333333333333,23.243333333333332,39.29333333333334
2,May,June,30000,26.689233333333334,20153.739950721905,-414370,-570.0,0.0,548.0,601000,12331,6611,11058,41.10333333333333,22.036666666666665,36.86
3,June,July,30000,399.6046333333333,20882.86981023527,-519862,-460.0,0.0,1000.0,846040,10580,5755,13665,35.266666666666666,19.183333333333334,45.550000000000004
4,July,August,30000,695.482,25343.44070717915,-845317,-400.0,71.0,1301.25,1562428,9382,4955,15663,31.27333333333333,16.516666666666666,52.21
5,August,September,30000,-257.583,24233.328669974166,-1679893,-839.0,0.0,1016.25,504669,11976,4748,13276,39.92,15.826666666666666,44.25333333333333
