month,total_count,global_1st_percentile,global_99th_percentile,below_range_count,above_range_count,outside_range_count,below_range_percentage,above_range_percentage,outside_range_percentage
Global,180000,0.0,70181.15000000014,0,1800,1800,0.0,1.0,1.0
April,30000,0.0,70181.15000000014,0,358,358,0.0,1.1933333333333334,1.1933333333333334
May,30000,0.0,70181.15000000014,0,275,275,0.0,0.9166666666666666,0.9166666666666666
June,30000,0.0,70181.15000000014,0,273,273,0.0,0.91,0.91
July,30000,0.0,70181.15000000014,0,294,294,0.0,0.98,0.98
August,30000,0.0,70181.15000000014,0,327,327,0.0,1.09,1.09
September,30000,0.0,70181.15000000014,0,273,273,0.0,0.91,0.91
