,April,May,June,July,August,September
April,1.0,0.15489552525961545,0.15783391560137264,0.16274003329183245,0.1576339162723367,0.1857352554457264
May,0.15489552525961545,1.0,0.1518304358261789,0.15921372030871275,0.18090775259417008,0.14845927501534273
June,0.15783391560137264,0.1518304358261789,1.0,0.21632509170084377,0.1801067436456232,0.1995579311706798
July,0.16274003329183245,0.15921372030871275,0.21632509170084377,1.0,0.24477045029284544,0.2521911389524029
August,0.1576339162723367,0.18090775259417008,0.1801067436456232,0.24477045029284544,1.0,0.2855755286868426
September,0.1857352554457264,0.14845927501534273,0.1995579311706798,0.2521911389524029,0.2855755286868426,1.0
