,April,May,June,July,August,September
April,1.0,0.9461968070521957,0.9009409547978421,0.8533200905940468,0.8315935591018213,0.8026501885528454
May,0.9461968070521957,1.0,0.9401344040880004,0.8839096973620155,0.859778307271445,0.8297786058330011
June,0.9009409547978421,0.9401344040880004,1.0,0.9239694565909823,0.8924822912577209,0.8602721890293094
July,0.8533200905940468,0.8839096973620155,0.9239694565909823,1.0,0.9283262592714856,0.892278529127176
August,0.8315935591018213,0.859778307271445,0.8924822912577209,0.9283262592714856,1.0,0.9514836727518136
September,0.8026501885528454,0.8297786058330011,0.8602721890293094,0.892278529127176,0.9514836727518136,1.0
