pair_index,source_month,destination_month,count,mean_change,std_change,min_change,q1,median_change,q3,max_change,negative_change_count,zero_change_count,positive_change_count,negative_change_percentage,zero_change_percentage,positive_change_percentage
1,April,May,30000,1439.6405666666667,19777.70968541237,-414369,-1182.0,0.0,1649.0,446948,13501,3990,12509,45.00333333333334,13.3,41.696666666666665
2,May,June,30000,2951.548,21927.16034712792,-487241,-1000.0,0.0,2677.5,432730,12486,3780,13734,41.620000000000005,12.6,45.78
3,June,July,30000,3750.2058333333334,26525.037881578097,-429981,-1038.0,0.0,3430.0,1542332,12439,3494,14067,41.46333333333334,11.646666666666667,46.89
4,July,August,30000,2165.9203666666667,26662.16561411319,-1682177,-1406.0,0.0,2600.0,512650,13642,3024,13334,45.47333333333333,10.08,44.446666666666665
5,August,September,30000,2044.2557333333334,22684.89326921674,-489972,-1524.0,0.0,2252.25,470400,14216,2634,13150,47.38666666666666,8.780000000000001,43.833333333333336
