chronological_index,month,count,missing_count,mean,std,min,p01,p05,p25,median,p75,p95,p99,max,iqr,negative_count,zero_count,positive_count,negative_percentage,zero_percentage,positive_percentage,lower_fence,upper_fence,below_lower_fence_count,above_upper_fence_count,total_potential_extreme_count
1,April,30000,0,38871.7604,59554.10753674573,-339603,-331.03,0.0,1256.0,17071.0,49198.25,161912.0,279505.05999999965,961664,47942.25,688,4020,25292,2.2933333333333334,13.4,84.30666666666666,-70657.375,121111.625,5,2688,2693
2,May,30000,0,40311.40096666667,60797.15577026487,-81334,-232.01,0.0,1763.0,18104.5,50190.5,165794.3,285868.32999999996,927171,48427.5,655,3506,25839,2.183333333333333,11.686666666666666,86.13,-70878.25,122831.75,1,2724,2725
3,June,30000,0,43262.94896666666,64332.85613391631,-170000,-212.01999999999998,0.0,2326.75,19052.0,54506.0,174333.34999999995,304997.26999999996,891586,52179.25,675,3195,26130,2.25,10.65,87.1,-75942.125,132774.875,2,2620,2622
4,July,30000,0,47013.1548,69349.38742703684,-157264,-200.0,0.0,2666.25,20088.5,60164.75,187821.05,325030.38999999897,1664089,57498.5,655,2870,26475,2.183333333333333,9.566666666666666,88.25,-83581.5,146412.5,1,2468,2469
5,August,30000,0,49179.07516666667,71173.76878252835,-69777,-200.0,0.0,2984.75,21200.0,64006.25,194792.2,337495.27999999997,983931,61021.5,669,2506,26825,2.23,8.353333333333333,89.41666666666667,-88547.5,155538.5,0,2395,2395
6,September,30000,0,51223.3309,73635.86057552956,-165580,-81.0,0.0,3558.75,22381.5,67091.0,201203.05,350110.6799999999,964511,63532.25,590,2008,27402,1.9666666666666666,6.693333333333333,91.34,-91739.625,162389.375,2,2398,2400
