chronological_index,month,global_1st_percentile,global_99th_percentile,total_count,below_range_count,above_range_count,outside_range_count,outside_range_percentage
0,Global,-200.0,314507.17000000016,180000,1739,1800,3539,1.9661111111111111
1,April,-200.0,314507.17000000016,30000,346,184,530,1.7666666666666668
2,May,-200.0,314507.17000000016,30000,318,209,527,1.7566666666666668
3,June,-200.0,314507.17000000016,30000,312,267,579,1.9300000000000002
4,July,-200.0,314507.17000000016,30000,283,344,627,2.09
5,August,-200.0,314507.17000000016,30000,273,376,649,2.1633333333333336
6,September,-200.0,314507.17000000016,30000,207,420,627,2.09
